Column1;Column2;Column3;Column4;Column5;Column6;Column7;Column8;Column9;Column10;Column11;Column12;Column13;Column14
;(2019-06-02;10:39:41.324635);can0;601;[8];00;00;10;1C;00;27;02;85
;(2019-06-02;10:39:41.325400);can0;602;[8];00;00;0;00;04;D7;03;00
;(2019-06-02;10:39:41.429083);can0;601;[8];00;00;10;1B;00;23;02;85
;(2019-06-02;10:39:41.429941);can0;602;[8];00;00;0;00;04;D7;03;00
;(2019-06-02;10:39:41.529431);can0;601;[8];00;00;10;1C;00;22;02;85
;(2019-06-02;10:39:41.530194);can0;602;[8];00;00;0;00;04;D7;03;00
;(2019-06-02;10:39:41.629912);can0;601;[8];00;00;10;1C;00;23;02;85
;(2019-06-02;10:39:41.630731);can0;602;[8];00;00;0;00;04;D7;03;00
;(2019-06-02;10:39:41.734192);can0;601;[8];00;00;10;1C;00;1E;02;85
;(2019-06-02;10:39:41.734940);can0;602;[8];00;00;0;00;04;D7;03;00
;(2019-06-02;10:39:41.834645);can0;601;[8];00;00;10;1C;00;24;02;85
;(2019-06-02;10:39:41.835399);can0;602;[8];00;00;0;00;04;D7;03;00
;(2019-06-02;10:39:41.939086);can0;601;[8];00;00;10;1C;00;1E;02;85
;(2019-06-02;10:39:41.939924);can0;602;[8];00;00;0;00;04;D7;03;00
;(2019-06-02;10:39:42.039425);can0;601;[8];00;00;10;1C;00;1F;02;85
;(2019-06-02;10:39:42.040178);can0;602;[8];00;00;0;00;04;D7;03;00
;(2019-06-02;10:39:42.139927);can0;601;[8];00;00;10;1B;00;1F;02;85
;(2019-06-02;10:39:42.140713);can0;602;[8];00;00;0;00;04;D7;03;00
;(2019-06-02;10:39:42.244321);can0;601;[8];00;00;10;1B;00;1E;02;85
;(2019-06-02;10:39:42.245071);can0;602;[8];00;00;0;00;04;D7;03;00
;(2019-06-02;10:39:42.344599);can0;601;[8];00;00;10;1B;00;23;02;85
;(2019-06-02;10:39:42.345349);can0;602;[8];00;00;0;00;04;D7;03;00
;(2019-06-02;10:39:42.449024);can0;601;[8];00;00;10;1B;00;20;02;85
;(2019-06-02;10:39:42.449774);can0;602;[8];00;00;0;00;04;D7;03;00
;(2019-06-02;10:39:42.549480);can0;601;[8];00;00;10;1C;00;25;02;85
;(2019-06-02;10:39:42.550241);can0;602;[8];00;00;0;00;04;D7;03;00
;(2019-06-02;10:39:42.649942);can0;601;[8];00;00;10;1C;00;23;02;85
;(2019-06-02;10:39:42.650738);can0;602;[8];00;00;0;00;04;D7;03;00
;(2019-06-02;10:39:42.754316);can0;601;[8];00;00;10;1C;00;1E;02;85
;(2019-06-02;10:39:42.755065);can0;602;[8];00;00;0;00;04;D7;03;00
;(2019-06-02;10:39:42.854684);can0;601;[8];00;00;10;1C;00;1A;02;85
;(2019-06-02;10:39:42.855435);can0;602;[8];00;00;0;00;04;D7;03;00
;(2019-06-02;10:39:42.959084);can0;601;[8];00;00;10;1C;00;22;02;85
;(2019-06-02;10:39:42.959925);can0;602;[8];00;00;0;00;04;D7;03;00
;(2019-06-02;10:39:43.059414);can0;601;[8];00;00;10;1C;00;20;02;85
;(2019-06-02;10:39:43.060172);can0;602;[8];00;00;0;00;04;D7;03;00
;(2019-06-02;10:39:43.159964);can0;601;[8];00;00;10;1C;00;1E;02;85
;(2019-06-02;10:39:43.160738);can0;602;[8];00;00;0;00;04;D7;03;00
;(2019-06-02;10:39:43.264319);can0;601;[8];00;00;10;1C;00;20;02;85
;(2019-06-02;10:39:43.265070);can0;602;[8];00;00;0;00;04;D7;03;00
;(2019-06-02;10:39:43.364686);can0;601;[8];00;00;10;1C;00;1F;02;85
;(2019-06-02;10:39:43.365438);can0;602;[8];00;00;0;00;04;D7;03;00
;(2019-06-02;10:39:43.465125);can0;601;[8];00;00;10;1C;00;1C;02;85
;(2019-06-02;10:39:43.465876);can0;602;[8];00;00;0;00;04;D7;03;00
;(2019-06-02;10:39:43.569534);can0;601;[8];00;00;10;1C;00;22;02;85
;(2019-06-02;10:39:43.570288);can0;602;[8];00;00;0;00;04;D7;03;00
;(2019-06-02;10:39:43.669931);can0;601;[8];00;00;10;1C;00;21;02;85
;(2019-06-02;10:39:43.670729);can0;602;[8];00;00;0;00;04;D7;03;00
;(2019-06-02;10:39:43.774235);can0;601;[8];00;00;10;1C;00;23;02;85
;(2019-06-02;10:39:43.774981);can0;602;[8];00;00;0;00;04;D7;03;00
;(2019-06-02;10:39:43.874698);can0;601;[8];00;00;10;1C;00;20;02;85
;(2019-06-02;10:39:43.875443);can0;602;[8];00;00;0;00;04;D7;03;00
;(2019-06-02;10:39:43.975105);can0;601;[8];00;00;10;1C;00;1C;02;85
;(2019-06-02;10:39:43.975866);can0;602;[8];00;00;0;00;04;D7;03;00
;(2019-06-02;10:39:44.079533);can0;601;[8];00;00;10;1C;00;1D;02;85
;(2019-06-02;10:39:44.080288);can0;602;[8];00;00;0;00;04;D7;03;00
;(2019-06-02;10:39:44.179939);can0;601;[8];00;00;10;1C;00;16;02;85
;(2019-06-02;10:39:44.180735);can0;602;[8];00;00;0;00;04;D7;03;00
;(2019-06-02;10:39:44.284329);can0;601;[8];00;00;10;1C;00;18;02;85
;(2019-06-02;10:39:44.285077);can0;602;[8];00;00;0;00;04;D7;03;00
;(2019-06-02;10:39:44.384663);can0;601;[8];00;00;10;1C;00;14;02;85
;(2019-06-02;10:39:44.385411);can0;602;[8];00;00;0;00;04;D7;03;00
;(2019-06-02;10:39:44.485133);can0;601;[8];00;00;10;1C;00;1E;02;85
;(2019-06-02;10:39:44.485886);can0;602;[8];00;00;0;00;04;D7;03;00
;(2019-06-02;10:39:44.589556);can0;601;[8];00;00;10;1C;00;14;02;85
;(2019-06-02;10:39:44.590391);can0;602;[8];00;00;0;00;04;D7;03;00
;(2019-06-02;10:39:44.689928);can0;601;[8];00;00;10;1C;00;18;02;85
;(2019-06-02;10:39:44.690716);can0;602;[8];00;00;0;00;04;D7;03;00
;(2019-06-02;10:39:44.794272);can0;601;[8];00;00;10;1C;00;17;02;85
;(2019-06-02;10:39:44.795050);can0;602;[8];00;00;0;00;04;D7;03;00
;(2019-06-02;10:39:44.894812);can0;601;[8];00;00;10;1C;00;1D;02;85
;(2019-06-02;10:39:44.895562);can0;602;[8];00;00;0;00;04;D7;03;00
;(2019-06-02;10:39:44.995054);can0;601;[8];00;00;10;1C;00;1E;02;85
;(2019-06-02;10:39:44.995801);can0;602;[8];00;00;0;00;04;D7;03;00
;(2019-06-02;10:39:45.099481);can0;601;[8];00;00;10;1C;00;1D;02;85
;(2019-06-02;10:39:45.100237);can0;602;[8];00;00;0;00;04;D7;03;00
;(2019-06-02;10:39:45.199966);can0;601;[8];00;00;10;1C;00;20;02;85
;(2019-06-02;10:39:45.200751);can0;602;[8];00;00;0;00;04;D7;03;00
;(2019-06-02;10:39:45.300444);can0;601;[8];00;00;10;1C;00;1E;02;85
;(2019-06-02;10:39:45.301199);can0;602;[8];00;00;0;00;04;D7;03;00
;(2019-06-02;10:39:45.404801);can0;601;[8];00;00;10;1C;00;1D;02;85
;(2019-06-02;10:39:45.405552);can0;602;[8];00;00;0;00;04;D7;03;00
;(2019-06-02;10:39:45.505147);can0;601;[8];00;00;10;1C;00;24;02;85
;(2019-06-02;10:39:45.505897);can0;602;[8];00;00;0;00;04;D7;03;00
;(2019-06-02;10:39:45.609555);can0;601;[8];00;00;10;1C;00;24;02;85
;(2019-06-02;10:39:45.610430);can0;602;[8];00;00;0;00;04;D7;03;00
;(2019-06-02;10:39:45.709926);can0;601;[8];00;00;10;1C;00;1E;02;85
;(2019-06-02;10:39:45.710708);can0;602;[8];00;00;0;00;04;D7;03;00
;(2019-06-02;10:39:45.810426);can0;601;[8];00;00;10;1C;00;18;02;85
;(2019-06-02;10:39:45.811188);can0;602;[8];00;00;0;00;04;D7;03;00
;(2019-06-02;10:39:45.914793);can0;601;[8];00;00;10;1C;00;1F;02;85
;(2019-06-02;10:39:45.915548);can0;602;[8];00;00;0;00;04;D7;03;00
;(2019-06-02;10:39:46.015157);can0;601;[8];00;00;10;1C;00;1D;02;85
;(2019-06-02;10:39:46.015908);can0;602;[8];00;00;0;00;04;D7;03;00
;(2019-06-02;10:39:46.115618);can0;601;[8];00;00;10;1C;00;20;02;85
;(2019-06-02;10:39:46.116367);can0;602;[8];00;00;0;00;04;D7;03;00
;(2019-06-02;10:39:46.220034);can0;601;[8];00;00;10;1C;00;1F;02;85
;(2019-06-02;10:39:46.220819);can0;602;[8];00;00;0;00;04;D7;03;00
;(2019-06-02;10:39:46.320392);can0;601;[8];00;00;10;1C;00;1B;02;85
;(2019-06-02;10:39:46.321189);can0;602;[8];00;00;0;00;04;D7;03;00
;(2019-06-02;10:39:46.424744);can0;601;[8];00;00;10;1C;00;19;02;85
;(2019-06-02;10:39:46.425501);can0;602;[8];00;00;0;00;04;D7;03;00
;(2019-06-02;10:39:46.525178);can0;601;[8];00;00;10;1C;00;16;02;85
;(2019-06-02;10:39:46.525927);can0;602;[8];00;00;0;00;04;D7;03;00
;(2019-06-02;10:39:46.625589);can0;601;[8];00;00;10;1C;00;15;02;85
;(2019-06-02;10:39:46.626335);can0;602;[8];00;00;0;00;04;D7;03;00
;(2019-06-02;10:39:46.730018);can0;601;[8];00;00;10;1C;00;18;02;85
;(2019-06-02;10:39:46.730770);can0;602;[8];00;00;0;00;04;D7;03;00
;(2019-06-02;10:39:46.830428);can0;601;[8];00;00;10;1C;00;1E;02;85
;(2019-06-02;10:39:46.831194);can0;602;[8];00;00;0;00;04;D7;03;00
;(2019-06-02;10:39:46.934806);can0;601;[8];00;00;10;1C;00;18;02;85
;(2019-06-02;10:39:46.935557);can0;602;[8];00;00;0;00;04;D7;03;00
;(2019-06-02;10:39:47.035135);can0;601;[8];00;00;10;1C;00;1F;02;85
;(2019-06-02;10:39:47.035890);can0;602;[8];00;00;0;00;04;D7;03;00
;(2019-06-02;10:39:47.135643);can0;601;[8];00;00;10;1C;00;20;02;85
;(2019-06-02;10:39:47.136394);can0;602;[8];00;00;0;00;04;D7;03;00
;(2019-06-02;10:39:47.240068);can0;601;[8];00;00;10;1C;00;1F;02;85
;(2019-06-02;10:39:47.240857);can0;602;[8];00;00;0;00;04;D7;03;00
;(2019-06-02;10:39:47.340428);can0;601;[8];00;00;10;1C;00;1F;02;85
;(2019-06-02;10:39:47.341210);can0;602;[8];00;00;0;00;04;D7;03;00
;(2019-06-02;10:39:47.440868);can0;601;[8];00;00;10;1C;00;1F;02;85
;(2019-06-02;10:39:47.441620);can0;602;[8];00;00;0;00;06;D7;03;00
;(2019-06-02;10:39:47.545238);can0;601;[8];00;00;10;1C;00;1E;02;88
;(2019-06-02;10:39:47.545983);can0;602;[8];00;00;0;00;09;D7;03;00
;(2019-06-02;10:39:47.645609);can0;601;[8];00;00;10;1C;00;26;02;85
;(2019-06-02;10:39:47.646356);can0;602;[8];00;00;0;00;0A;D7;01;00
;(2019-06-02;10:39:47.750029);can0;601;[8];00;00;10;1C;00;43;02;85
;(2019-06-02;10:39:47.750816);can0;602;[8];00;01;0;00;0D;D7;01;00
;(2019-06-02;10:39:47.850488);can0;601;[8];00;00;10;1C;00;8B;02;85
;(2019-06-02;10:39:47.851257);can0;602;[8];00;01;0;00;0E;D7;01;00
;(2019-06-02;10:39:47.950879);can0;601;[8];00;0B;10;1C;00;E5;02;85
;(2019-06-02;10:39:47.951631);can0;602;[8];00;01;0;00;10;D7;01;00
;(2019-06-02;10:39:48.051215);can0;601;[8];00;4D;10;1C;01;53;02;85
;(2019-06-02;10:39:48.051972);can0;602;[8];00;03;0;00;11;D7;01;00
;(2019-06-02;10:39:48.155662);can0;601;[8];00;BC;10;1C;01;BA;02;85
;(2019-06-02;10:39:48.156408);can0;602;[8];00;05;0;00;12;D7;01;00
;(2019-06-02;10:39:48.260068);can0;601;[8];01;83;10;1C;02;45;02;82
;(2019-06-02;10:39:48.260825);can0;602;[8];00;0D;0;00;13;D7;01;00
;(2019-06-02;10:39:48.364515);can0;601;[8];02;B3;10;1C;02;A6;02;80
;(2019-06-02;10:39:48.365270);can0;602;[8];00;16;0;00;14;D7;01;00
;(2019-06-02;10:39:48.468904);can0;601;[8];04;59;10;1C;02;F7;02;7D
;(2019-06-02;10:39:48.469657);can0;602;[8];00;22;0;00;14;D7;01;00
;(2019-06-02;10:39:48.573349);can0;601;[8];06;6C;10;1C;03;40;02;77
;(2019-06-02;10:39:48.574099);can0;602;[8];00;31;0;00;14;D7;01;00
;(2019-06-02;10:39:48.677761);can0;601;[8];08;A5;10;1C;03;59;02;6F
;(2019-06-02;10:39:48.678509);can0;602;[8];00;49;0;00;14;D7;01;00
;(2019-06-02;10:39:48.778118);can0;601;[8];0A;D5;10;1C;03;5F;02;69
;(2019-06-02;10:39:48.778865);can0;602;[8];00;5A;0;00;14;D7;01;00
;(2019-06-02;10:39:48.878518);can0;601;[8];0C;36;10;1C;02;6B;02;88
;(2019-06-02;10:39:48.879264);can0;602;[8];00;68;0;00;14;D7;0B;00
;(2019-06-02;10:39:48.982938);can0;601;[8];0B;64;10;1C;02;11;02;7A
;(2019-06-02;10:39:48.983688);can0;602;[8];00;61;0;00;14;D7;01;00
;(2019-06-02;10:39:49.087349);can0;601;[8];0B;9C;10;1C;01;62;02;80
;(2019-06-02;10:39:49.088098);can0;602;[8];00;63;0;00;14;D7;01;00
;(2019-06-02;10:39:49.191766);can0;601;[8];0B;8C;10;1C;00;EE;02;82
;(2019-06-02;10:39:49.192521);can0;602;[8];00;62;0;00;14;D7;01;00
;(2019-06-02;10:39:49.292183);can0;601;[8];0B;82;10;1C;00;E5;02;82
;(2019-06-02;10:39:49.292933);can0;602;[8];00;62;0;00;14;D7;01;00
;(2019-06-02;10:39:49.396598);can0;601;[8];0B;7C;10;1C;01;00;02;82
;(2019-06-02;10:39:49.397345);can0;602;[8];00;62;0;00;14;D7;01;00
;(2019-06-02;10:39:49.504998);can0;601;[8];0B;82;10;1C;01;0F;02;80
;(2019-06-02;10:39:49.505748);can0;602;[8];00;62;0;00;14;D7;01;00
;(2019-06-02;10:39:49.609424);can0;601;[8];0B;8C;10;1C;01;1D;02;82
;(2019-06-02;10:39:49.610180);can0;602;[8];00;62;0;00;14;D7;01;00
;(2019-06-02;10:39:49.713847);can0;601;[8];0B;93;10;1C;01;19;02;82
;(2019-06-02;10:39:49.714593);can0;602;[8];00;63;0;00;14;D7;01;00
;(2019-06-02;10:39:49.818251);can0;601;[8];0B;97;10;1C;01;13;02;82
;(2019-06-02;10:39:49.818999);can0;602;[8];00;63;0;00;15;D7;01;00
;(2019-06-02;10:39:49.918620);can0;601;[8];0B;96;10;1C;01;0A;02;82
;(2019-06-02;10:39:49.919370);can0;602;[8];00;63;0;00;17;D7;01;00
;(2019-06-02;10:39:50.023023);can0;601;[8];0B;97;10;1C;01;1D;02;82
;(2019-06-02;10:39:50.023784);can0;602;[8];00;63;0;00;1A;D7;01;00
;(2019-06-02;10:39:50.131576);can0;601;[8];0B;9A;10;1C;01;26;02;80
;(2019-06-02;10:39:50.132322);can0;602;[8];00;63;0;00;1D;D7;01;00
;(2019-06-02;10:39:50.235878);can0;601;[8];0B;9A;10;1C;01;23;02;82
;(2019-06-02;10:39:50.236629);can0;602;[8];00;63;0;00;21;D7;01;00
;(2019-06-02;10:39:50.340369);can0;601;[8];0B;9D;10;1C;01;26;02;80
;(2019-06-02;10:39:50.341119);can0;602;[8];00;63;0;00;26;D7;01;00
;(2019-06-02;10:39:50.444713);can0;601;[8];0B;A1;10;1C;01;20;02;82
;(2019-06-02;10:39:50.445470);can0;602;[8];00;63;0;00;2B;D7;01;00
;(2019-06-02;10:39:50.545145);can0;601;[8];0B;A4;10;1C;01;28;02;80
;(2019-06-02;10:39:50.545894);can0;602;[8];00;63;0;00;2E;D7;01;00
;(2019-06-02;10:39:50.645518);can0;601;[8];0B;A4;10;1C;01;28;02;82
;(2019-06-02;10:39:50.646267);can0;602;[8];00;63;0;00;2F;D7;01;00
;(2019-06-02;10:39:50.749935);can0;601;[8];0B;A8;10;1C;01;2A;02;80
;(2019-06-02;10:39:50.750736);can0;602;[8];00;63;0;00;30;D7;01;00
;(2019-06-02;10:39:50.854363);can0;601;[8];0B;A8;10;1C;01;22;02;80
;(2019-06-02;10:39:50.855112);can0;602;[8];00;63;0;00;30;D7;01;00
;(2019-06-02;10:39:50.962750);can0;601;[8];0B;AA;10;1C;01;1E;02;82
;(2019-06-02;10:39:50.963513);can0;602;[8];00;63;0;00;30;D7;01;00
;(2019-06-02;10:39:51.063183);can0;601;[8];0B;AB;10;1C;01;1D;02;82
;(2019-06-02;10:39:51.063930);can0;602;[8];00;64;0;00;30;D7;01;00
;(2019-06-02;10:39:51.163539);can0;601;[8];0B;AC;10;1C;01;26;02;82
;(2019-06-02;10:39:51.164287);can0;602;[8];00;64;0;00;30;D7;01;00
;(2019-06-02;10:39:51.267941);can0;601;[8];0B;AE;10;1C;01;1D;02;82
;(2019-06-02;10:39:51.268690);can0;602;[8];00;64;0;00;30;D7;01;00
;(2019-06-02;10:39:51.372359);can0;601;[8];0B;B0;10;1C;01;19;02;82
;(2019-06-02;10:39:51.373109);can0;602;[8];00;64;0;00;30;D7;01;00
;(2019-06-02;10:39:51.476777);can0;601;[8];0B;B0;10;1C;01;1C;02;82
;(2019-06-02;10:39:51.477533);can0;602;[8];00;64;0;00;30;D7;01;00
;(2019-06-02;10:39:51.581170);can0;601;[8];0B;B3;10;1C;01;1A;02;80
;(2019-06-02;10:39:51.581919);can0;602;[8];00;64;0;00;30;D7;01;00
;(2019-06-02;10:39:51.685640);can0;601;[8];0B;B4;10;1C;01;1D;02;82
;(2019-06-02;10:39:51.686393);can0;602;[8];00;64;0;00;30;D7;01;00
;(2019-06-02;10:39:51.790046);can0;601;[8];0B;B4;10;1C;01;19;02;80
;(2019-06-02;10:39:51.790818);can0;602;[8];00;64;0;00;30;D7;01;00
;(2019-06-02;10:39:51.894460);can0;601;[8];0B;B6;10;1C;01;11;02;80
;(2019-06-02;10:39:51.895209);can0;602;[8];00;64;0;00;30;D7;01;00
;(2019-06-02;10:39:51.998853);can0;601;[8];0B;B9;10;1C;01;14;02;82
;(2019-06-02;10:39:51.999597);can0;602;[8];00;64;0;00;30;D7;01;00
;(2019-06-02;10:39:52.103241);can0;601;[8];0B;B9;10;1C;01;12;02;80
;(2019-06-02;10:39:52.103992);can0;602;[8];00;64;0;00;30;D7;01;00
;(2019-06-02;10:39:52.207643);can0;601;[8];0B;B9;10;1C;01;1A;02;82
;(2019-06-02;10:39:52.208394);can0;602;[8];00;64;0;00;30;D7;01;00
;(2019-06-02;10:39:52.308060);can0;601;[8];0B;B9;10;1C;01;15;02;82
;(2019-06-02;10:39:52.308811);can0;602;[8];00;64;0;00;2F;D7;01;00
;(2019-06-02;10:39:52.412512);can0;601;[8];0B;BC;10;1C;01;19;02;82
;(2019-06-02;10:39:52.413260);can0;602;[8];00;64;0;00;2D;D7;01;00
;(2019-06-02;10:39:52.517032);can0;601;[8];0B;BB;10;1C;01;17;02;80
;(2019-06-02;10:39:52.517781);can0;602;[8];00;64;0;00;2A;D7;01;00
;(2019-06-02;10:39:52.621377);can0;601;[8];0B;BC;10;1C;01;18;02;82
;(2019-06-02;10:39:52.622132);can0;602;[8];00;64;0;00;29;D7;01;00
;(2019-06-02;10:39:52.725708);can0;601;[8];0B;BA;10;1C;01;1B;02;82
;(2019-06-02;10:39:52.726458);can0;602;[8];00;64;0;00;28;D7;01;00
;(2019-06-02;10:39:52.830146);can0;601;[8];0B;B9;10;1C;01;19;02;82
;(2019-06-02;10:39:52.830917);can0;602;[8];00;64;0;00;25;D7;01;00
;(2019-06-02;10:39:52.930591);can0;601;[8];0B;BA;10;1C;01;16;02;82
;(2019-06-02;10:39:52.931381);can0;602;[8];00;64;0;00;23;D7;01;00
;(2019-06-02;10:39:53.034933);can0;601;[8];0B;BA;10;1C;01;19;02;82
;(2019-06-02;10:39:53.035682);can0;602;[8];00;64;0;00;21;D7;01;00
;(2019-06-02;10:39:53.139363);can0;601;[8];0B;BC;10;1C;01;13;02;82
;(2019-06-02;10:39:53.140104);can0;602;[8];00;64;0;00;1F;D7;01;00
;(2019-06-02;10:39:53.243792);can0;601;[8];0B;BC;10;1C;01;16;02;80
;(2019-06-02;10:39:53.244544);can0;602;[8];00;64;0;00;1E;D7;01;00
;(2019-06-02;10:39:53.348252);can0;601;[8];0B;BA;10;1C;01;0E;02;82
;(2019-06-02;10:39:53.349003);can0;602;[8];00;64;0;00;1D;D7;01;00
;(2019-06-02;10:39:53.448568);can0;601;[8];0B;BB;10;1C;01;10;02;80
;(2019-06-02;10:39:53.449315);can0;602;[8];00;64;0;00;1C;D7;01;00
;(2019-06-02;10:39:53.552952);can0;601;[8];0B;BA;10;1C;01;16;02;82
;(2019-06-02;10:39:53.553709);can0;602;[8];00;64;0;00;1B;D7;01;00
;(2019-06-02;10:39:53.657428);can0;601;[8];0B;BA;10;1C;01;12;02;82
;(2019-06-02;10:39:53.658221);can0;602;[8];00;64;0;00;19;D7;01;00
;(2019-06-02;10:39:53.761849);can0;601;[8];0B;BA;10;1C;01;0E;02;80
;(2019-06-02;10:39:53.762600);can0;602;[8];00;64;0;00;18;D7;01;00
;(2019-06-02;10:39:53.866289);can0;601;[8];0B;BA;10;1C;01;0E;02;82
;(2019-06-02;10:39:53.867033);can0;602;[8];00;64;0;00;17;D7;01;00
;(2019-06-02;10:39:53.970660);can0;601;[8];0B;B9;10;1C;01;0C;02;82
;(2019-06-02;10:39:53.971413);can0;602;[8];00;64;0;00;17;D7;01;00
;(2019-06-02;10:39:54.075086);can0;601;[8];0B;BA;10;1C;01;0A;02;82
;(2019-06-02;10:39:54.075840);can0;602;[8];00;64;0;00;16;D7;01;00
;(2019-06-02;10:39:54.179475);can0;601;[8];0B;BB;10;1C;01;0A;02;82
;(2019-06-02;10:39:54.180231);can0;602;[8];00;64;0;00;15;D7;01;00
;(2019-06-02;10:39:54.283854);can0;601;[8];0B;B9;10;1C;01;0C;02;80
;(2019-06-02;10:39:54.284599);can0;602;[8];00;64;0;00;14;D7;01;00
;(2019-06-02;10:39:54.384283);can0;601;[8];0B;BA;10;1C;01;11;02;80
;(2019-06-02;10:39:54.385028);can0;602;[8];00;64;0;00;13;D7;01;00
;(2019-06-02;10:39:54.492672);can0;601;[8];0B;B9;10;1C;01;14;02;82
;(2019-06-02;10:39:54.493425);can0;602;[8];00;64;0;00;12;D7;01;00
;(2019-06-02;10:39:54.593122);can0;601;[8];0B;BA;10;1C;01;15;02;82
;(2019-06-02;10:39:54.593873);can0;602;[8];00;64;0;00;11;D7;01;00
;(2019-06-02;10:39:54.697560);can0;601;[8];0B;B8;10;1C;01;11;02;82
;(2019-06-02;10:39:54.698307);can0;602;[8];00;64;0;00;11;D7;01;00
;(2019-06-02;10:39:54.805957);can0;601;[8];0B;B8;10;1C;01;0E;02;82
;(2019-06-02;10:39:54.806705);can0;602;[8];00;64;0;00;10;D7;01;00
;(2019-06-02;10:39:54.910420);can0;601;[8];0B;98;10;1C;00;9B;02;82
;(2019-06-02;10:39:54.911187);can0;602;[8];00;63;0;00;0F;D7;03;00
;(2019-06-02;10:39:55.010737);can0;601;[8];0B;43;10;1C;00;8B;02;85
;(2019-06-02;10:39:55.011487);can0;602;[8];00;5F;0;00;0E;D7;03;00
;(2019-06-02;10:39:55.111238);can0;601;[8];0A;BF;10;1C;00;DA;02;88
;(2019-06-02;10:39:55.111989);can0;602;[8];00;5B;0;00;0E;D7;03;00
;(2019-06-02;10:39:55.211528);can0;601;[8];0A;25;10;1C;01;22;02;88
;(2019-06-02;10:39:55.212276);can0;602;[8];00;56;0;00;0E;D7;03;00
;(2019-06-02;10:39:55.311943);can0;601;[8];09;73;10;1C;01;5A;02;88
;(2019-06-02;10:39:55.312692);can0;602;[8];00;51;0;00;0E;D7;03;00
;(2019-06-02;10:39:55.416347);can0;601;[8];08;A4;10;1C;01;85;02;88
;(2019-06-02;10:39:55.417099);can0;602;[8];00;4B;0;00;0E;D7;03;00
;(2019-06-02;10:39:55.520707);can0;601;[8];07;BD;10;1C;01;A0;02;88
;(2019-06-02;10:39:55.521451);can0;602;[8];00;42;0;00;0E;D7;03;00
;(2019-06-02;10:39:55.621146);can0;601;[8];06;D9;10;1C;01;A7;02;88
;(2019-06-02;10:39:55.621900);can0;602;[8];00;3A;0;00;0E;D7;03;00
;(2019-06-02;10:39:55.725583);can0;601;[8];05;E7;10;1C;01;A3;02;88
;(2019-06-02;10:39:55.726337);can0;602;[8];00;33;0;00;0E;D7;03;00
;(2019-06-02;10:39:55.825965);can0;601;[8];04;FE;10;1C;01;9F;02;88
;(2019-06-02;10:39:55.826716);can0;602;[8];00;2C;0;00;0E;D7;03;00
;(2019-06-02;10:39:55.930411);can0;601;[8];04;0E;10;1C;01;9F;02;88
;(2019-06-02;10:39:55.931172);can0;602;[8];00;24;0;00;0E;D7;03;00
;(2019-06-02;10:39:56.034796);can0;601;[8];03;3B;10;1C;01;72;02;85
;(2019-06-02;10:39:56.035572);can0;602;[8];00;1B;0;00;0E;D7;03;00
;(2019-06-02;10:39:56.139205);can0;601;[8];02;CF;10;1C;01;29;02;85
;(2019-06-02;10:39:56.139999);can0;602;[8];00;18;0;00;0E;D7;03;00
;(2019-06-02;10:39:56.239589);can0;601;[8];02;9C;10;1C;00;A2;02;85
;(2019-06-02;10:39:56.240438);can0;602;[8];00;16;0;00;0E;D7;03;00
;(2019-06-02;10:39:56.343996);can0;601;[8];02;7B;10;1C;00;5A;02;85
;(2019-06-02;10:39:56.344744);can0;602;[8];00;15;0;00;0E;D7;01;00
;(2019-06-02;10:39:56.448408);can0;601;[8];02;65;10;1C;00;3C;02;85
;(2019-06-02;10:39:56.449158);can0;602;[8];00;14;0;00;0E;D7;01;00
;(2019-06-02;10:39:56.548889);can0;601;[8];02;55;10;1C;00;4F;02;85
;(2019-06-02;10:39:56.549642);can0;602;[8];00;14;0;00;0E;D7;01;00
;(2019-06-02;10:39:56.653242);can0;601;[8];02;4F;10;1C;00;6A;02;85
;(2019-06-02;10:39:56.653990);can0;602;[8];00;14;0;00;0E;D7;01;00
;(2019-06-02;10:39:56.753605);can0;601;[8];02;4A;10;1C;00;A6;02;85
;(2019-06-02;10:39:56.754351);can0;602;[8];00;13;0;00;0E;D7;01;00
;(2019-06-02;10:39:56.858039);can0;601;[8];02;45;10;1C;00;A2;02;85
;(2019-06-02;10:39:56.858789);can0;602;[8];00;13;0;00;0E;D7;01;00
;(2019-06-02;10:39:56.958460);can0;601;[8];02;40;10;1C;00;AF;02;85
;(2019-06-02;10:39:56.959209);can0;602;[8];00;13;0;00;0E;D7;01;00
;(2019-06-02;10:39:57.062839);can0;601;[8];02;3C;10;1C;00;99;02;85
;(2019-06-02;10:39:57.063589);can0;602;[8];00;13;0;00;0E;D7;01;00
;(2019-06-02;10:39:57.163255);can0;601;[8];02;3A;10;1C;00;8C;02;85
;(2019-06-02;10:39:57.164008);can0;602;[8];00;13;0;00;0E;D7;01;00
;(2019-06-02;10:39:57.263647);can0;601;[8];02;38;10;1C;00;98;02;85
;(2019-06-02;10:39:57.264400);can0;602;[8];00;13;0;00;0E;D7;01;00
;(2019-06-02;10:39:57.368042);can0;601;[8];02;36;10;1C;00;AC;02;85
;(2019-06-02;10:39:57.368790);can0;602;[8];00;13;0;00;0E;D7;01;00
;(2019-06-02;10:39:57.468433);can0;601;[8];02;35;10;1C;00;C7;02;85
;(2019-06-02;10:39:57.469186);can0;602;[8];00;13;0;00;0E;D7;01;00
;(2019-06-02;10:39:57.572833);can0;601;[8];02;32;10;1C;00;A7;02;85
;(2019-06-02;10:39:57.573577);can0;602;[8];00;13;0;00;0E;D7;01;00
;(2019-06-02;10:39:57.673289);can0;601;[8];02;31;10;1C;00;95;02;85
;(2019-06-02;10:39:57.674043);can0;602;[8];00;13;0;00;0E;D7;01;00
;(2019-06-02;10:39:57.777730);can0;601;[8];02;34;10;1C;00;B7;02;85
;(2019-06-02;10:39:57.778483);can0;602;[8];00;13;0;00;0E;D7;01;00
;(2019-06-02;10:39:57.878054);can0;601;[8];02;37;10;1C;00;CF;02;85
;(2019-06-02;10:39:57.878805);can0;602;[8];00;13;0;00;0E;D7;01;00
;(2019-06-02;10:39:57.982477);can0;601;[8];02;43;10;1C;00;D4;02;85
;(2019-06-02;10:39:57.983226);can0;602;[8];00;13;0;00;0E;D7;01;00
;(2019-06-02;10:39:58.082884);can0;601;[8];02;55;10;1C;00;EB;02;85
;(2019-06-02;10:39:58.083638);can0;602;[8];00;14;0;00;0E;D7;01;00
;(2019-06-02;10:39:58.187285);can0;601;[8];02;66;10;1C;00;E4;02;85
;(2019-06-02;10:39:58.188036);can0;602;[8];00;14;0;00;0E;D7;01;00
;(2019-06-02;10:39:58.287684);can0;601;[8];02;74;10;1C;00;DB;02;85
;(2019-06-02;10:39:58.288429);can0;602;[8];00;15;0;00;0E;D7;01;00
;(2019-06-02;10:39:58.388102);can0;601;[8];02;7F;10;1C;00;C2;02;85
;(2019-06-02;10:39:58.388848);can0;602;[8];00;15;0;00;0E;D7;01;00
;(2019-06-02;10:39:58.492474);can0;601;[8];02;87;10;1C;00;C6;02;85
;(2019-06-02;10:39:58.493225);can0;602;[8];00;15;0;00;0E;D7;01;00
;(2019-06-02;10:39:58.592949);can0;601;[8];02;8C;10;1C;00;CA;02;85
;(2019-06-02;10:39:58.593694);can0;602;[8];00;15;0;00;0E;D7;01;00
;(2019-06-02;10:39:58.697284);can0;601;[8];02;8E;10;1C;00;C6;02;85
;(2019-06-02;10:39:58.698037);can0;602;[8];00;16;0;00;0E;D7;01;00
;(2019-06-02;10:39:58.797699);can0;601;[8];02;8E;10;1C;00;C7;02;85
;(2019-06-02;10:39:58.798452);can0;602;[8];00;16;0;00;0E;D7;01;00
;(2019-06-02;10:39:58.902146);can0;601;[8];02;8F;10;1C;00;98;02;85
;(2019-06-02;10:39:58.902915);can0;602;[8];00;16;0;00;0E;D7;01;00
;(2019-06-02;10:39:59.002491);can0;601;[8];02;8E;10;1C;00;A9;02;85
;(2019-06-02;10:39:59.003239);can0;602;[8];00;16;0;00;0E;D7;01;00
;(2019-06-02;10:39:59.106929);can0;601;[8];02;8E;10;1C;00;99;02;85
;(2019-06-02;10:39:59.107674);can0;602;[8];00;16;0;00;0E;D7;01;00
;(2019-06-02;10:39:59.207371);can0;601;[8];02;8C;10;1C;00;91;02;85
;(2019-06-02;10:39:59.208119);can0;602;[8];00;16;0;00;0E;D7;01;00
;(2019-06-02;10:39:59.307683);can0;601;[8];02;8B;10;1C;00;9B;02;85
;(2019-06-02;10:39:59.308429);can0;602;[8];00;16;0;00;0E;D7;01;00
;(2019-06-02;10:39:59.412120);can0;601;[8];02;8A;10;1C;00;CB;02;85
;(2019-06-02;10:39:59.412872);can0;602;[8];00;16;0;00;0E;D7;01;00
;(2019-06-02;10:39:59.512526);can0;601;[8];02;89;10;1C;00;BA;02;85
;(2019-06-02;10:39:59.513299);can0;602;[8];00;16;0;00;0E;D7;01;00
;(2019-06-02;10:39:59.616951);can0;601;[8];02;88;10;1C;00;BF;02;85
;(2019-06-02;10:39:59.617702);can0;602;[8];00;16;0;00;0E;D7;01;00
;(2019-06-02;10:39:59.717338);can0;601;[8];02;88;10;1C;00;B0;02;85
;(2019-06-02;10:39:59.718094);can0;602;[8];00;16;0;00;0E;D7;01;00
;(2019-06-02;10:39:59.821796);can0;601;[8];02;89;10;1C;00;AA;02;85
;(2019-06-02;10:39:59.822546);can0;602;[8];00;16;0;00;0E;D7;01;00
;(2019-06-02;10:39:59.922149);can0;601;[8];02;89;10;1C;00;BA;02;85
;(2019-06-02;10:39:59.922893);can0;602;[8];00;16;0;00;0E;D7;01;00
;(2019-06-02;10:40:00.026587);can0;601;[8];02;88;10;1C;00;A5;02;85
;(2019-06-02;10:40:00.027334);can0;602;[8];00;16;0;00;0E;D7;01;00
;(2019-06-02;10:40:00.126943);can0;601;[8];02;88;10;1C;00;B5;02;85
;(2019-06-02;10:40:00.127694);can0;602;[8];00;16;0;00;0E;D7;01;00
;(2019-06-02;10:40:00.227376);can0;601;[8];02;86;10;1C;00;C8;02;85
;(2019-06-02;10:40:00.228124);can0;602;[8];00;16;0;00;0E;D7;01;00
;(2019-06-02;10:40:00.331866);can0;601;[8];02;85;10;1C;00;C0;02;85
;(2019-06-02;10:40:00.332617);can0;602;[8];00;15;0;00;0E;D7;01;00
;(2019-06-02;10:40:00.432166);can0;601;[8];02;85;10;1C;00;B7;02;85
;(2019-06-02;10:40:00.432916);can0;602;[8];00;15;0;00;0E;D7;01;00
;(2019-06-02;10:40:00.536560);can0;601;[8];02;85;10;1C;00;CB;02;85
;(2019-06-02;10:40:00.537311);can0;602;[8];00;15;0;00;0E;D7;01;00
;(2019-06-02;10:40:00.637054);can0;601;[8];02;85;10;1C;00;B1;02;85
;(2019-06-02;10:40:00.637803);can0;602;[8];00;15;0;00;0E;D7;01;00
;(2019-06-02;10:40:00.741360);can0;601;[8];02;85;10;1C;00;BE;02;85
;(2019-06-02;10:40:00.742105);can0;602;[8];00;15;0;00;0E;D7;01;00
;(2019-06-02;10:40:00.841781);can0;601;[8];02;87;10;1C;00;AA;02;85
;(2019-06-02;10:40:00.842530);can0;602;[8];00;15;0;00;0E;D7;01;00
;(2019-06-02;10:40:00.946292);can0;601;[8];02;88;10;1C;00;A8;02;85
;(2019-06-02;10:40:00.947042);can0;602;[8];00;16;0;00;0E;D7;01;00
;(2019-06-02;10:40:01.046590);can0;601;[8];02;89;10;1C;00;BA;02;85
;(2019-06-02;10:40:01.047344);can0;602;[8];00;16;0;00;0F;D7;01;00
;(2019-06-02;10:40:01.147080);can0;601;[8];02;9B;10;1C;00;EE;02;85
;(2019-06-02;10:40:01.147833);can0;602;[8];00;16;0;00;11;D7;01;00
;(2019-06-02;10:40:01.251389);can0;601;[8];02;D1;10;1C;01;4B;02;85
;(2019-06-02;10:40:01.252138);can0;602;[8];00;18;0;00;14;D7;01;00
;(2019-06-02;10:40:01.355814);can0;601;[8];03;3F;10;1C;01;A6;02;82
;(2019-06-02;10:40:01.356565);can0;602;[8];00;1B;0;00;18;D7;01;00
;(2019-06-02;10:40:01.456230);can0;601;[8];03;F5;10;1C;02;21;02;80
;(2019-06-02;10:40:01.456981);can0;602;[8];00;20;0;00;1A;D7;01;00
;(2019-06-02;10:40:01.560647);can0;601;[8];05;1E;10;1C;02;9A;02;7D
;(2019-06-02;10:40:01.561402);can0;602;[8];00;2B;0;00;1C;D7;01;00
;(2019-06-02;10:40:01.665098);can0;601;[8];06;BE;10;1C;02;EA;02;77
;(2019-06-02;10:40:01.665848);can0;602;[8];00;37;0;00;1E;D7;01;00
;(2019-06-02;10:40:01.769492);can0;601;[8];08;CE;10;1C;03;3B;02;6F
;(2019-06-02;10:40:01.770260);can0;602;[8];00;47;0;00;1E;D7;01;00
;(2019-06-02;10:40:01.869936);can0;601;[8];0B;2D;10;1C;03;72;02;64
;(2019-06-02;10:40:01.870744);can0;602;[8];00;5A;0;00;1E;D7;01;00
;(2019-06-02;10:40:01.970384);can0;601;[8];0C;2E;10;1C;02;7D;02;8D
;(2019-06-02;10:40:01.971153);can0;602;[8];00;69;0;00;1E;D7;0B;00
;(2019-06-02;10:40:02.070638);can0;601;[8];0B;6D;10;1C;02;07;02;7A
;(2019-06-02;10:40:02.071392);can0;602;[8];00;61;0;00;1E;D7;01;00
;(2019-06-02;10:40:02.175066);can0;601;[8];0B;A1;10;1C;01;32;02;82
;(2019-06-02;10:40:02.175808);can0;602;[8];00;63;0;00;1E;D7;01;00
;(2019-06-02;10:40:02.279475);can0;601;[8];0B;91;10;1C;00;DA;02;80
;(2019-06-02;10:40:02.280228);can0;602;[8];00;62;0;00;1F;D7;01;00
;(2019-06-02;10:40:02.383940);can0;601;[8];0B;87;10;1C;00;BC;02;80
;(2019-06-02;10:40:02.384690);can0;602;[8];00;62;0;00;23;D7;01;00
;(2019-06-02;10:40:02.492312);can0;601;[8];0B;81;10;1C;00;D9;02;82
;(2019-06-02;10:40:02.493059);can0;602;[8];00;62;0;00;27;D7;01;00
;(2019-06-02;10:40:02.596761);can0;601;[8];0B;85;10;1C;00;F9;02;82
;(2019-06-02;10:40:02.597510);can0;602;[8];00;62;0;00;2A;D7;01;00
;(2019-06-02;10:40:02.701161);can0;601;[8];0B;8E;10;1C;01;0C;02;80
;(2019-06-02;10:40:02.701912);can0;602;[8];00;62;0;00;2E;D7;01;00
;(2019-06-02;10:40:02.805561);can0;601;[8];0B;95;10;1C;01;12;02;82
;(2019-06-02;10:40:02.806312);can0;602;[8];00;63;0;00;2F;D7;01;00
;(2019-06-02;10:40:02.910007);can0;601;[8];0B;99;10;1C;01;07;02;80
;(2019-06-02;10:40:02.910776);can0;602;[8];00;63;0;00;2F;D7;01;00
;(2019-06-02;10:40:03.014438);can0;601;[8];0B;9B;10;1C;01;07;02;82
;(2019-06-02;10:40:03.015185);can0;602;[8];00;63;0;00;2F;D7;01;00
;(2019-06-02;10:40:03.118964);can0;601;[8];0B;9B;10;1C;01;02;02;80
;(2019-06-02;10:40:03.119714);can0;602;[8];00;63;0;00;2F;D7;01;00
;(2019-06-02;10:40:03.223283);can0;601;[8];0B;9E;10;1C;01;10;02;80
;(2019-06-02;10:40:03.224034);can0;602;[8];00;63;0;00;2F;D7;01;00
;(2019-06-02;10:40:03.323592);can0;601;[8];0B;9E;10;1C;01;14;02;82
;(2019-06-02;10:40:03.324340);can0;602;[8];00;63;0;00;2F;D7;01;00
;(2019-06-02;10:40:03.424009);can0;601;[8];0B;A1;10;1C;01;12;02;82
;(2019-06-02;10:40:03.424783);can0;602;[8];00;63;0;00;2F;D7;01;00
;(2019-06-02;10:40:03.528426);can0;601;[8];0B;A3;10;1C;01;15;02;82
;(2019-06-02;10:40:03.529173);can0;602;[8];00;63;0;00;2F;D7;01;00
;(2019-06-02;10:40:03.636912);can0;601;[8];0B;A4;10;1C;01;0F;02;82
;(2019-06-02;10:40:03.637660);can0;602;[8];00;63;0;00;2F;D7;01;00
;(2019-06-02;10:40:03.737250);can0;601;[8];0B;A6;10;1C;01;0F;02;82
;(2019-06-02;10:40:03.738001);can0;602;[8];00;63;0;00;2F;D7;01;00
;(2019-06-02;10:40:03.841656);can0;601;[8];0B;AA;10;1C;01;11;02;82
;(2019-06-02;10:40:03.842408);can0;602;[8];00;63;0;00;2F;D7;01;00
;(2019-06-02;10:40:03.950093);can0;601;[8];0B;AB;10;1C;01;07;02;82
;(2019-06-02;10:40:03.950851);can0;602;[8];00;63;0;00;2F;D7;01;00
;(2019-06-02;10:40:04.054467);can0;601;[8];0B;AB;10;1C;01;0D;02;82
;(2019-06-02;10:40:04.055214);can0;602;[8];00;64;0;00;2F;D7;01;00
;(2019-06-02;10:40:04.154900);can0;601;[8];0B;AB;10;1C;01;0A;02;82
;(2019-06-02;10:40:04.155652);can0;602;[8];00;64;0;00;2F;D7;01;00
;(2019-06-02;10:40:04.255296);can0;601;[8];0B;AC;10;1C;01;0F;02;82
;(2019-06-02;10:40:04.256047);can0;602;[8];00;64;0;00;2E;D7;01;00
;(2019-06-02;10:40:04.359676);can0;601;[8];0B;AE;10;1C;01;0F;02;82
;(2019-06-02;10:40:04.360487);can0;602;[8];00;64;0;00;2E;D7;01;00
;(2019-06-02;10:40:04.464120);can0;601;[8];0B;AF;10;1C;01;0F;02;82
;(2019-06-02;10:40:04.464867);can0;602;[8];00;64;0;00;2D;D7;01;00
;(2019-06-02;10:40:04.568528);can0;601;[8];0B;B2;10;1C;01;10;02;82
;(2019-06-02;10:40:04.569278);can0;602;[8];00;64;0;00;2D;D7;01;00
;(2019-06-02;10:40:04.672922);can0;601;[8];0B;B2;10;1C;01;0D;02;82
;(2019-06-02;10:40:04.673669);can0;602;[8];00;64;0;00;2C;D7;01;00
;(2019-06-02;10:40:04.777356);can0;601;[8];0B;B4;10;1C;01;0F;02;82
;(2019-06-02;10:40:04.778102);can0;602;[8];00;64;0;00;2B;D7;01;00
;(2019-06-02;10:40:04.881780);can0;601;[8];0B;B4;10;1C;01;05;02;80
;(2019-06-02;10:40:04.882530);can0;602;[8];00;64;0;00;2A;D7;01;00
;(2019-06-02;10:40:04.986182);can0;601;[8];0B;B6;10;1C;01;08;02;82
;(2019-06-02;10:40:04.986931);can0;602;[8];00;64;0;00;29;D7;01;00
;(2019-06-02;10:40:05.090622);can0;601;[8];0B;B9;10;1C;01;08;02;82
;(2019-06-02;10:40:05.091375);can0;602;[8];00;64;0;00;26;D7;01;00
;(2019-06-02;10:40:05.194973);can0;601;[8];0B;BA;10;1C;01;00;02;82
;(2019-06-02;10:40:05.195718);can0;602;[8];00;64;0;00;24;D7;01;00
;(2019-06-02;10:40:05.299393);can0;601;[8];0B;BB;10;1C;01;03;02;82
;(2019-06-02;10:40:05.300154);can0;602;[8];00;64;0;00;22;D7;01;00
;(2019-06-02;10:40:05.403810);can0;601;[8];0B;BC;10;1C;01;0B;02;82
;(2019-06-02;10:40:05.404563);can0;602;[8];00;64;0;00;20;D7;01;00
;(2019-06-02;10:40:05.508219);can0;601;[8];0B;BB;10;1C;01;0A;02;80
;(2019-06-02;10:40:05.508968);can0;602;[8];00;64;0;00;1F;D7;01;00
;(2019-06-02;10:40:05.612629);can0;601;[8];0B;BB;10;1C;01;04;02;82
;(2019-06-02;10:40:05.613374);can0;602;[8];00;64;0;00;1D;D7;01;00
;(2019-06-02;10:40:05.713125);can0;601;[8];0B;BC;10;1C;01;07;02;82
;(2019-06-02;10:40:05.713871);can0;602;[8];00;64;0;00;1C;D7;01;00
;(2019-06-02;10:40:05.817441);can0;601;[8];0B;BD;10;1C;00;FF;02;82
;(2019-06-02;10:40:05.818187);can0;602;[8];00;64;0;00;1B;D7;01;00
;(2019-06-02;10:40:05.921888);can0;601;[8];0B;BB;10;1C;00;FD;02;82
;(2019-06-02;10:40:05.922636);can0;602;[8];00;64;0;00;1A;D7;01;00
;(2019-06-02;10:40:06.026256);can0;601;[8];0B;BA;10;1C;00;FC;02;82
;(2019-06-02;10:40:06.027009);can0;602;[8];00;64;0;00;19;D7;01;00
;(2019-06-02;10:40:06.130713);can0;601;[8];0B;B9;10;1C;00;FF;02;82
;(2019-06-02;10:40:06.131461);can0;602;[8];00;64;0;00;18;D7;01;00
;(2019-06-02;10:40:06.235094);can0;601;[8];0B;BB;10;1C;01;02;02;82
;(2019-06-02;10:40:06.235845);can0;602;[8];00;64;0;00;16;D7;01;00
;(2019-06-02;10:40:06.339522);can0;601;[8];0B;B9;10;1C;01;03;02;82
;(2019-06-02;10:40:06.340280);can0;602;[8];00;64;0;00;16;D7;01;00
;(2019-06-02;10:40:06.443905);can0;601;[8];0B;BA;10;1C;00;FF;02;82
;(2019-06-02;10:40:06.444653);can0;602;[8];00;64;0;00;16;D7;01;00
;(2019-06-02;10:40:06.548360);can0;601;[8];0B;BA;10;1C;00;FA;02;82
;(2019-06-02;10:40:06.549108);can0;602;[8];00;64;0;00;15;D7;01;00
;(2019-06-02;10:40:06.648754);can0;601;[8];0B;B9;10;1C;00;FD;02;82
;(2019-06-02;10:40:06.649506);can0;602;[8];00;64;0;00;14;D7;01;00
;(2019-06-02;10:40:06.753139);can0;601;[8];0B;B9;10;1C;01;02;02;82
;(2019-06-02;10:40:06.753890);can0;602;[8];00;64;0;00;12;D7;01;00
;(2019-06-02;10:40:06.857571);can0;601;[8];0B;BA;10;1C;01;00;02;82
;(2019-06-02;10:40:06.858321);can0;602;[8];00;64;0;00;12;D7;01;00
;(2019-06-02;10:40:06.961980);can0;601;[8];0B;B9;10;1C;01;05;02;82
;(2019-06-02;10:40:06.962729);can0;602;[8];00;64;0;00;11;D7;01;00
;(2019-06-02;10:40:07.066374);can0;601;[8];0B;B6;10;1C;00;F9;02;82
;(2019-06-02;10:40:07.067127);can0;602;[8];00;64;0;00;10;D7;01;00
;(2019-06-02;10:40:07.170807);can0;601;[8];0B;9E;10;1C;00;DD;02;82
;(2019-06-02;10:40:07.171556);can0;602;[8];00;63;0;00;10;D7;01;00
;(2019-06-02;10:40:07.279241);can0;601;[8];0B;69;10;1C;00;72;02;85
;(2019-06-02;10:40:07.280032);can0;602;[8];00;61;0;00;0F;D7;03;00
;(2019-06-02;10:40:07.379636);can0;601;[8];0B;16;10;1C;00;9B;02;88
;(2019-06-02;10:40:07.380505);can0;602;[8];00;5E;0;00;0E;D7;03;00
;(2019-06-02;10:40:07.480089);can0;601;[8];0A;9F;10;1C;00;EE;02;88
;(2019-06-02;10:40:07.480841);can0;602;[8];00;5A;0;00;0E;D7;03;00
;(2019-06-02;10:40:07.580563);can0;601;[8];0A;08;10;1C;01;31;02;88
;(2019-06-02;10:40:07.581326);can0;602;[8];00;55;0;00;0E;D7;03;00
;(2019-06-02;10:40:07.680830);can0;601;[8];09;5F;10;1C;01;69;02;88
;(2019-06-02;10:40:07.681587);can0;602;[8];00;50;0;00;0E;D7;03;00
;(2019-06-02;10:40:07.781193);can0;601;[8];08;92;10;1C;01;A1;02;88
;(2019-06-02;10:40:07.781944);can0;602;[8];00;4A;0;00;0D;D7;03;00
;(2019-06-02;10:40:07.881621);can0;601;[8];07;A1;10;1C;01;C7;02;88
;(2019-06-02;10:40:07.882365);can0;602;[8];00;43;0;00;0D;D7;03;00
;(2019-06-02;10:40:07.986025);can0;601;[8];06;8D;10;1C;01;F6;02;88
;(2019-06-02;10:40:07.986774);can0;602;[8];00;38;0;00;0D;D7;03;00
;(2019-06-02;10:40:08.086409);can0;601;[8];05;63;10;1C;02;08;02;88
;(2019-06-02;10:40:08.087162);can0;602;[8];00;2E;0;00;0D;D7;03;00
;(2019-06-02;10:40:08.194893);can0;601;[8];03;FF;10;1C;02;32;02;88
;(2019-06-02;10:40:08.195693);can0;602;[8];00;24;0;00;0D;D7;03;00
;(2019-06-02;10:40:08.295226);can0;601;[8];02;DA;10;1C;02;05;02;85
;(2019-06-02;10:40:08.295975);can0;602;[8];00;1A;0;00;0D;D7;03;00
;(2019-06-02;10:40:08.395709);can0;601;[8];02;54;10;1C;01;71;02;85
;(2019-06-02;10:40:08.396462);can0;602;[8];00;14;0;00;0D;D7;03;00
;(2019-06-02;10:40:08.496024);can0;601;[8];02;08;10;1C;01;06;02;85
;(2019-06-02;10:40:08.496775);can0;602;[8];00;11;0;00;0C;D7;03;00
;(2019-06-02;10:40:08.596441);can0;601;[8];01;D1;10;1C;00;9B;02;85
;(2019-06-02;10:40:08.597192);can0;602;[8];00;0F;0;00;0C;D7;03;00
;(2019-06-02;10:40:08.696835);can0;601;[8];01;9F;10;1C;00;81;02;85
;(2019-06-02;10:40:08.697586);can0;602;[8];00;0D;0;00;0C;D7;03;00
;(2019-06-02;10:40:08.805281);can0;601;[8];01;72;10;1C;00;63;02;85
;(2019-06-02;10:40:08.806032);can0;602;[8];00;0C;0;00;0C;D7;03;00
;(2019-06-02;10:40:08.905725);can0;601;[8];01;4F;10;1C;00;56;02;85
;(2019-06-02;10:40:08.906471);can0;602;[8];00;0B;0;00;0B;D7;03;00
;(2019-06-02;10:40:09.006063);can0;601;[8];01;31;10;1C;00;48;02;85
;(2019-06-02;10:40:09.006831);can0;602;[8];00;0A;0;00;0B;D7;03;00
;(2019-06-02;10:40:09.110566);can0;601;[8];01;0E;10;1C;00;4F;02;85
;(2019-06-02;10:40:09.111363);can0;602;[8];00;08;0;00;0B;D7;03;00
;(2019-06-02;10:40:09.210855);can0;601;[8];00;F0;10;1C;00;54;02;85
;(2019-06-02;10:40:09.211601);can0;602;[8];00;08;0;00;0B;D7;03;00
;(2019-06-02;10:40:09.319277);can0;601;[8];00;CE;10;1C;00;5C;02;85
;(2019-06-02;10:40:09.320025);can0;602;[8];00;06;0;00;0A;D7;03;00
;(2019-06-02;10:40:09.423748);can0;601;[8];00;AC;10;1C;00;6B;02;85
;(2019-06-02;10:40:09.424498);can0;602;[8];00;05;0;00;0A;D7;03;00
;(2019-06-02;10:40:09.528172);can0;601;[8];00;82;10;1C;00;8E;02;85
;(2019-06-02;10:40:09.528916);can0;602;[8];00;03;0;00;09;D7;03;00
;(2019-06-02;10:40:09.632700);can0;601;[8];00;5A;10;1C;00;9F;02;85
;(2019-06-02;10:40:09.633473);can0;602;[8];00;02;0;00;09;D7;03;00
;(2019-06-02;10:40:09.736998);can0;601;[8];00;3D;10;1C;00;8B;02;85
;(2019-06-02;10:40:09.737748);can0;602;[8];00;01;0;00;08;D7;03;00
;(2019-06-02;10:40:09.841361);can0;601;[8];00;28;10;1C;00;66;02;85
;(2019-06-02;10:40:09.842114);can0;602;[8];00;01;0;00;07;D7;03;00
;(2019-06-02;10:40:09.941736);can0;601;[8];00;1C;10;1C;00;46;02;85
;(2019-06-02;10:40:09.942488);can0;602;[8];00;00;0;00;06;D7;03;00
;(2019-06-02;10:40:10.042141);can0;601;[8];00;10;10;1C;00;42;02;85
;(2019-06-02;10:40:10.042891);can0;602;[8];00;00;0;00;05;D7;03;00
;(2019-06-02;10:40:10.146567);can0;601;[8];00;06;10;1C;00;36;02;85
;(2019-06-02;10:40:10.147322);can0;602;[8];00;00;0;00;05;D7;03;00
;(2019-06-02;10:40:10.247000);can0;601;[8];00;04;10;1C;00;27;02;85
;(2019-06-02;10:40:10.247756);can0;602;[8];00;00;0;00;05;D7;03;00
;(2019-06-02;10:40:10.347345);can0;601;[8];00;01;10;1C;00;1D;02;85
;(2019-06-02;10:40:10.348098);can0;602;[8];00;00;0;00;05;D7;01;00
;(2019-06-02;10:40:10.451767);can0;601;[8];00;00;10;1C;00;24;02;85
;(2019-06-02;10:40:10.452516);can0;602;[8];00;00;0;00;05;D7;03;00
;(2019-06-02;10:40:10.552137);can0;601;[8];00;00;10;1C;00;1E;02;85
;(2019-06-02;10:40:10.552896);can0;602;[8];00;00;0;00;05;D7;03;00
;(2019-06-02;10:40:10.652560);can0;601;[8];00;00;10;1C;00;1F;02;85
;(2019-06-02;10:40:10.653309);can0;602;[8];00;00;0;00;05;D7;03;00
;(2019-06-02;10:40:10.756972);can0;601;[8];00;00;10;1C;00;1D;02;85
;(2019-06-02;10:40:10.757720);can0;602;[8];00;00;0;00;05;D7;03;00
;(2019-06-02;10:40:10.857279);can0;601;[8];00;00;10;1C;00;19;02;85
;(2019-06-02;10:40:10.858031);can0;602;[8];00;00;0;00;05;D7;03;00
;(2019-06-02;10:40:10.961708);can0;601;[8];00;00;10;1C;00;1B;02;85
;(2019-06-02;10:40:10.962458);can0;602;[8];00;00;0;00;05;D7;03;00
;(2019-06-02;10:40:11.062191);can0;601;[8];00;00;10;1C;00;1E;02;85
;(2019-06-02;10:40:11.062944);can0;602;[8];00;00;0;00;05;D7;03;00
;(2019-06-02;10:40:11.166585);can0;601;[8];00;00;10;1C;00;18;02;85
;(2019-06-02;10:40:11.167333);can0;602;[8];00;00;0;00;05;D7;03;00
;(2019-06-02;10:40:11.266913);can0;601;[8];00;00;10;1C;00;1B;02;85
;(2019-06-02;10:40:11.267663);can0;602;[8];00;00;0;00;05;D7;03;00
;(2019-06-02;10:40:11.367376);can0;601;[8];00;00;10;1C;00;1A;02;85
;(2019-06-02;10:40:11.368123);can0;602;[8];00;00;0;00;05;D7;03;00
;(2019-06-02;10:40:11.471776);can0;601;[8];00;00;10;1C;00;1D;02;85
;(2019-06-02;10:40:11.472523);can0;602;[8];00;00;0;00;05;D7;03;00
;(2019-06-02;10:40:11.572233);can0;601;[8];00;00;10;1C;00;1E;02;85
;(2019-06-02;10:40:11.572987);can0;602;[8];00;00;0;00;05;D7;03;00
;(2019-06-02;10:40:11.672610);can0;601;[8];00;00;10;1C;00;1B;02;85
;(2019-06-02;10:40:11.673365);can0;602;[8];00;00;0;00;05;D7;03;00
;(2019-06-02;10:40:11.776999);can0;601;[8];00;00;10;1C;00;19;02;85
;(2019-06-02;10:40:11.777750);can0;602;[8];00;00;0;00;05;D7;03;00
;(2019-06-02;10:40:11.881409);can0;601;[8];00;00;10;1C;00;15;02;85
;(2019-06-02;10:40:11.882155);can0;602;[8];00;00;0;00;05;D7;03;00
;(2019-06-02;10:40:11.981765);can0;601;[8];00;00;10;1C;00;15;02;85
;(2019-06-02;10:40:11.982520);can0;602;[8];00;00;0;00;05;D7;03;00
;(2019-06-02;10:40:12.082202);can0;601;[8];00;00;10;1C;00;1A;02;85
;(2019-06-02;10:40:12.082955);can0;602;[8];00;00;0;00;05;D7;03;00
;(2019-06-02;10:40:12.186714);can0;601;[8];00;00;10;1C;00;1F;02;85
;(2019-06-02;10:40:12.187463);can0;602;[8];00;00;0;00;05;D7;03;00
;(2019-06-02;10:40:12.286938);can0;601;[8];00;00;10;1C;00;1F;02;85
;(2019-06-02;10:40:12.287684);can0;602;[8];00;00;0;00;05;D7;03;00
;(2019-06-02;10:40:12.391365);can0;601;[8];00;00;10;1C;00;22;02;85
;(2019-06-02;10:40:12.392116);can0;602;[8];00;00;0;00;05;D7;03;00
;(2019-06-02;10:40:12.491806);can0;601;[8];00;00;10;1C;00;27;02;85
;(2019-06-02;10:40:12.492559);can0;602;[8];00;00;0;00;05;D7;03;00
;(2019-06-02;10:40:12.592157);can0;601;[8];00;00;10;1C;00;22;02;85
;(2019-06-02;10:40:12.592907);can0;602;[8];00;00;0;00;05;D7;03;00
;(2019-06-02;10:40:12.696728);can0;601;[8];00;00;10;1C;00;20;02;85
;(2019-06-02;10:40:12.697479);can0;602;[8];00;00;0;00;05;D7;03;00
;(2019-06-02;10:40:12.797029);can0;601;[8];00;00;10;1C;00;1D;02;85
;(2019-06-02;10:40:12.797781);can0;602;[8];00;00;0;00;05;D7;03;00
;(2019-06-02;10:40:12.901453);can0;601;[8];00;00;10;1C;00;20;02;85
;(2019-06-02;10:40:12.902197);can0;602;[8];00;00;0;00;05;D7;03;00
;(2019-06-02;10:40:13.001841);can0;601;[8];00;00;10;1C;00;1F;02;85
;(2019-06-02;10:40:13.002587);can0;602;[8];00;00;0;00;05;D7;03;00
;(2019-06-02;10:40:13.106266);can0;601;[8];00;00;10;1C;00;1E;02;85
;(2019-06-02;10:40:13.107019);can0;602;[8];00;00;0;00;05;D7;03;00
;(2019-06-02;10:40:13.206637);can0;601;[8];00;00;10;1C;00;20;02;85
;(2019-06-02;10:40:13.207388);can0;602;[8];00;00;0;00;05;D7;03;00
;(2019-06-02;10:40:13.311055);can0;601;[8];00;00;10;1C;00;1F;02;85
;(2019-06-02;10:40:13.311805);can0;602;[8];00;00;0;00;05;D7;03;00
;(2019-06-02;10:40:13.411388);can0;601;[8];00;00;10;1C;00;1B;02;85
;(2019-06-02;10:40:13.412139);can0;602;[8];00;00;0;00;05;D7;03;00
;(2019-06-02;10:40:13.511881);can0;601;[8];00;00;10;1C;00;1D;02;85
;(2019-06-02;10:40:13.512654);can0;602;[8];00;00;0;00;05;D7;03;00
;(2019-06-02;10:40:13.616313);can0;601;[8];00;00;10;1C;00;24;02;85
;(2019-06-02;10:40:13.617065);can0;602;[8];00;00;0;00;05;D7;03;00
;(2019-06-02;10:40:13.716600);can0;601;[8];00;00;10;1C;00;25;02;85
;(2019-06-02;10:40:13.717351);can0;602;[8];00;00;0;00;05;D7;03;00
;(2019-06-02;10:40:13.821002);can0;601;[8];00;00;10;1C;00;22;02;85
;(2019-06-02;10:40:13.821749);can0;602;[8];00;00;0;00;05;D7;03;00
;(2019-06-02;10:40:13.921472);can0;601;[8];00;00;10;1C;00;1A;02;85
;(2019-06-02;10:40:13.922216);can0;602;[8];00;00;0;00;05;D7;03;00
;(2019-06-02;10:40:14.025886);can0;601;[8];00;00;10;1C;00;1A;02;85
;(2019-06-02;10:40:14.026637);can0;602;[8];00;00;0;00;05;D7;03;00
;(2019-06-02;10:40:14.126309);can0;601;[8];00;00;10;1C;00;17;02;85
;(2019-06-02;10:40:14.127059);can0;602;[8];00;00;0;00;05;D7;03;00
;(2019-06-02;10:40:14.226691);can0;601;[8];00;00;10;1C;00;18;02;85
;(2019-06-02;10:40:14.227442);can0;602;[8];00;00;0;00;05;D7;03;00
;(2019-06-02;10:40:14.331112);can0;601;[8];00;00;10;1C;00;23;02;85
;(2019-06-02;10:40:14.331865);can0;602;[8];00;00;0;00;05;D7;03;00
;(2019-06-02;10:40:14.431513);can0;601;[8];00;00;10;1C;00;1E;02;85
;(2019-06-02;10:40:14.432264);can0;602;[8];00;00;0;00;05;D7;03;00
;(2019-06-02;10:40:14.531880);can0;601;[8];00;00;10;1C;00;1F;02;85
;(2019-06-02;10:40:14.532630);can0;602;[8];00;00;0;00;05;D7;03;00
;(2019-06-02;10:40:14.636294);can0;601;[8];00;00;10;1C;00;1F;02;85
;(2019-06-02;10:40:14.637037);can0;602;[8];00;00;0;00;05;D7;03;00
;(2019-06-02;10:40:14.740804);can0;601;[8];00;00;10;1C;00;20;02;85
;(2019-06-02;10:40:14.741553);can0;602;[8];00;00;0;00;05;D7;03;00
;(2019-06-02;10:40:14.841024);can0;601;[8];00;00;10;1C;00;1F;02;85
;(2019-06-02;10:40:14.841772);can0;602;[8];00;00;0;00;05;D7;03;00
;(2019-06-02;10:40:14.941561);can0;601;[8];00;00;10;1C;00;1D;02;85
;(2019-06-02;10:40:14.942309);can0;602;[8];00;00;0;00;05;D7;03;00
;(2019-06-02;10:40:15.045916);can0;601;[8];00;00;10;1C;00;1E;02;85
;(2019-06-02;10:40:15.046666);can0;602;[8];00;00;0;00;05;D7;03;00
;(2019-06-02;10:40:15.146264);can0;601;[8];00;00;10;1C;00;1A;02;85
;(2019-06-02;10:40:15.147019);can0;602;[8];00;00;0;00;05;D7;03;00
;(2019-06-02;10:40:15.250714);can0;601;[8];00;00;10;1C;00;1F;02;85
;(2019-06-02;10:40:15.251465);can0;602;[8];00;00;0;00;05;D7;03;00
;(2019-06-02;10:40:15.351135);can0;601;[8];00;00;10;1C;00;1F;02;85
;(2019-06-02;10:40:15.351886);can0;602;[8];00;00;0;00;05;D7;03;00
;(2019-06-02;10:40:15.455521);can0;601;[8];00;00;10;1C;00;1F;02;85
;(2019-06-02;10:40:15.456265);can0;602;[8];00;00;0;00;05;D7;03;00
;(2019-06-02;10:40:15.555927);can0;601;[8];00;00;10;1C;00;1F;02;85
;(2019-06-02;10:40:15.556676);can0;602;[8];00;00;0;00;05;D7;03;00
;(2019-06-02;10:40:15.656325);can0;601;[8];00;00;10;1C;00;21;02;85
;(2019-06-02;10:40:15.657070);can0;602;[8];00;00;0;00;05;D7;03;00
;(2019-06-02;10:40:15.760719);can0;601;[8];00;00;10;1C;00;1C;02;85
;(2019-06-02;10:40:15.761468);can0;602;[8];00;00;0;00;05;D7;03;00
